sigma;outlier_mag;q_crit;detection_rate;false_positive_rate
2,000;15,000;0,350;1,000;0,323
2,000;15,000;0,450;0,999;0,105
2,000;15,000;0,550;0,983;0,026
2,000;25,000;0,350;1,000;0,332
2,000;25,000;0,450;1,000;0,118
2,000;25,000;0,550;1,000;0,027
2,000;30,000;0,350;1,000;0,320
2,000;30,000;0,450;1,000;0,076
2,000;30,000;0,550;1,000;0,031
4,000;15,000;0,350;0,811;0,333
4,000;15,000;0,450;0,582;0,091
4,000;15,000;0,550;0,313;0,007
4,000;25,000;0,350;0,997;0,358
4,000;25,000;0,450;0,985;0,091
4,000;25,000;0,550;0,902;0,009
4,000;30,000;0,350;1,000;0,312
4,000;30,000;0,450;0,998;0,109
4,000;30,000;0,550;0,979;0,014
6,000;15,000;0,350;0,416;0,290
6,000;15,000;0,450;0,238;0,094
6,000;15,000;0,550;0,089;0,015
6,000;25,000;0,350;0,891;0,316
6,000;25,000;0,450;0,701;0,085
6,000;25,000;0,550;0,396;0,012
6,000;30,000;0,350;0,975;0,309
6,000;30,000;0,450;0,897;0,098
6,000;30,000;0,550;0,661;0,019
