scenario;param;variant;rmse;median;p90;reduction_pct;ci_low;ci_high;p_adj
S2;outliers=0%;V0;2,294;1,662;3,551;0,000;nan;nan;nan
S2;outliers=0%;V1;2,305;1,663;3,551;-0,496;-1,159;0,153;1,000
S2;outliers=0%;V2;2,309;1,671;3,601;-0,642;-1,305;-0,006;1,000
S2;outliers=0%;V3;2,308;1,667;3,592;-0,599;-1,258;0,091;1,000
S2;outliers=0%;V3b;1,917;1,414;2,872;16,437;13,234;19,858;0,000
S2;outliers=0%;V4;1,511;1,203;2,318;34,122;31,002;37,185;0,000
S2;outliers=5%;V0;2,731;1,952;4,054;0,000;nan;nan;nan
S2;outliers=5%;V1;2,726;1,959;4,011;0,156;-1,361;1,688;1,000
S2;outliers=5%;V2;2,727;1,963;4,043;0,141;-1,392;1,617;1,000
S2;outliers=5%;V3;2,727;1,966;4,046;0,149;-1,444;1,635;1,000
S2;outliers=5%;V3b;2,212;1,648;3,349;19,005;15,822;22,378;0,000
S2;outliers=5%;V4;1,656;1,328;2,578;39,362;36,259;42,514;0,000
S2;outliers=10%;V0;2,897;2,064;4,370;0,000;nan;nan;nan
S2;outliers=10%;V1;2,951;2,072;4,474;-1,864;-3,709;-0,332;1,000
S2;outliers=10%;V2;2,953;2,066;4,415;-1,936;-3,760;-0,318;1,000
S2;outliers=10%;V3;2,943;2,065;4,436;-1,580;-3,322;0,054;1,000
S2;outliers=10%;V3b;2,495;1,850;3,812;13,883;10,422;17,229;0,000
S2;outliers=10%;V4;1,870;1,551;2,859;35,467;32,270;38,740;0,000
